{"SceneName":"SampleScene №1","HeroPozihen":{"x":58.40740966796875,"y":49.72174835205078,"z":97.71485900878906},"HeroRotation":{"x":0.0,"y":-0.06575742363929749,"z":0.0,"w":0.997835636138916},"HeroHP":1.0,"HeroHPText":"100","Zd":100.0,"AnimationFrsmTimeSun":1.0000367164611817,"GlobalTime":120.00440216064453,"CapsulesExist":[true,true,true,true,true,true],"BasketE":true,"BarrelsExist":[true,true,true],"PaddleE":true,"GoblinE":false}