{"SceneName":"SampleScene №1","HeroPozihen":{"x":81.39413452148438,"y":50.01822280883789,"z":69.08561706542969},"HeroRotation":{"x":0.0,"y":-0.013595174066722393,"z":0.0,"w":0.9999076128005981},"HeroHP":1.0,"HeroHPText":"100","Zd":100.0,"AnimationFrsmTimeSun":0.11165441572666168,"GlobalTime":13.398530006408692,"CapsulesExist":[true,true,true,true,true,true],"BasketE":true,"BarrelsExist":[true,true,true],"PaddleE":true,"GoblinE":false}