{"SceneName":"SampleScene №1","HeroPozihen":{"x":67.46539306640625,"y":50.01822280883789,"z":229.02685546875},"HeroRotation":{"x":0.0,"y":0.2794598340988159,"z":0.0,"w":0.9601573944091797},"HeroHP":1.0,"HeroHPText":"100","Zd":100.0,"AnimationFrsmTimeSun":0.38012203574180605,"GlobalTime":45.61464309692383,"CapsulesExist":[true,true,true,true,true,true],"BasketE":true,"BarrelsExist":[true,true,true],"PaddleE":true,"GoblinE":false}