{"SceneName":"SampleScene №1","HeroPozihen":{"x":69.16363525390625,"y":49.77482604980469,"z":142.18309020996095},"HeroRotation":{"x":-0.0010737208649516106,"y":-0.5838027000427246,"z":0.0003817264805547893,"w":0.8118948340415955},"HeroHP":1.0,"HeroHPText":"100","Zd":100.0,"AnimationFrsmTimeSun":0.21527275443077088,"GlobalTime":25.832731246948243,"CapsulesExist":[true,true,true,true,true,true],"BasketE":true,"BarrelsExist":[true,true,true],"PaddleE":true,"GoblinE":false}