{"SceneName":"SampleScene №1","HeroPozihen":{"x":69.29438781738281,"y":50.01822280883789,"z":229.2637939453125},"HeroRotation":{"x":0.0,"y":0.1787867546081543,"z":0.0,"w":0.9838878512382507},"HeroHP":1.0,"HeroHPText":"100","Zd":100.0,"AnimationFrsmTimeSun":0.3149838447570801,"GlobalTime":37.79806137084961,"CapsulesExist":[true,true,true,true,true,true],"BasketE":true,"BarrelsExist":[true,true,true],"PaddleE":true,"GoblinE":false}