{"SceneName":"SampleScene №1","HeroPozihen":{"x":34.68608856201172,"y":50.01822280883789,"z":247.5750274658203},"HeroRotation":{"x":0.0,"y":-0.4236082434654236,"z":0.0,"w":0.9058455228805542},"HeroHP":1.0,"HeroHPText":"100","Zd":100.0,"AnimationFrsmTimeSun":0.5024901032447815,"GlobalTime":60.29881286621094,"CapsulesExist":[true,true,true,true,true,true],"BasketE":true,"BarrelsExist":[true,true,true],"PaddleE":true,"GoblinE":false}