{"SceneName":"SampleScene №1","HeroPozihen":{"x":61.96330261230469,"y":50.01822280883789,"z":230.42901611328126},"HeroRotation":{"x":0.0,"y":0.8110938668251038,"z":0.0,"w":0.5849159955978394},"HeroHP":1.0,"HeroHPText":"100","Zd":100.0,"AnimationFrsmTimeSun":3.063969135284424,"GlobalTime":367.6763000488281,"CapsulesExist":[true,true,true,true,true,true],"BasketE":false,"BarrelsExist":[true,true,true],"PaddleE":true,"GoblinE":false}